Codon,Aminoacid,Frequency,Count
TTT,Phe,17.6,714298
TTC,Phe,20.3,824692
TTA,Leu,7.7,311881
TTG,Leu,12.9,525688
CTT,Leu,13.2,536515
CTC,Leu,19.6,796638
CTA,Leu,7.2,290751
CTG,Leu,39.6,1611801
ATT,Ile,16.0,650473
ATC,Ile,20.8,846466
ATA,Ile,7.5,304565
ATG,Met,22.0,896005
GTT,Val,11.0,448607
GTC,Val,14.5,588138
GTA,Val,7.1,287712
GTG,Val,28.1,1143534
TCT,Ser,15.2,618711
TCC,Ser,17.7,718892
TCA,Ser,12.2,496448
TCG,Ser,4.4,179419
CCT,Pro,17.5,713233
CCC,Pro,19.8,804620
CCA,Pro,16.9,688038
CCG,Pro,6.9,281570
ACT,Thr,13.1,533609
ACC,Thr,18.9,768147
ACA,Thr,15.1,614523
ACG,Thr,6.1,246105
GCT,Ala,18.4,750096
GCC,Ala,27.7,1127679
GCA,Ala,15.8,643471
GCG,Ala,7.4,299495
TAT,Tyr,12.2,495699
TAC,Tyr,15.3,622407
TAA,Stop,1.0,40285
TAG,Stop,0.8,32109
CAT,His,10.9,441711
CAC,His,15.1,613713
CAA,Gln,12.3,501911
CAG,Gln,34.2,1391973
AAT,Asn,17.0,689701
AAC,Asn,19.1,776603
AAA,Lys,24.4,993621
AAG,Lys,31.9,1295568
GAT,Asp,21.8,885429
GAC,Asp,25.1,1020595
GAA,Glu,29.0,1177632
GAG,Glu,39.6,1609975
TGT,Cys,10.6,430311
TGC,Cys,12.6,513028
TGA,Stop,1.6,63237
TGG,Trp,13.2,535595
CGT,Arg,4.5,184609
CGC,Arg,10.4,423516
CGA,Arg,6.2,250760
CGG,Arg,11.4,464485
AGT,Ser,12.1,493429
AGC,Ser,19.5,791383
AGA,Arg,12.2,494682
AGG,Arg,12.0,486463
GGT,Gly,10.8,437126
GGC,Gly,22.2,903565
GGA,Gly,16.5,669873
GGG,Gly,16.5,669768
